{"cameraMode":{"drawMode":0,"name":"Shaded","section":"Shading Mode"},"sceneLighting":false,"audioPlay":false,"sceneViewState":{"showFog":true,"showMaterialUpdate":false,"showSkybox":false,"showFlares":true,"showImageEffects":true,"showParticleSystems":true},"in2DMode":false,"pivot":{"x":427.5408020019531,"y":477.6671447753906,"z":-95.18133544921875},"rotation":{"x":0.026110215112566949,"y":-0.39225634932518008,"z":0.011427001096308232,"w":0.9195654392242432},"size":99.63410949707031,"orthographic":false}