{"cameraMode":{"drawMode":2,"name":"Shaded Wireframe","section":"Shading Mode"},"sceneLighting":false,"audioPlay":false,"sceneViewState":{"showFog":true,"showMaterialUpdate":false,"showSkybox":false,"showFlares":true,"showImageEffects":true,"showParticleSystems":true},"in2DMode":false,"pivot":{"x":-1.1661112308502198,"y":-13.59101676940918,"z":63.686553955078128},"rotation":{"x":0.08390642702579498,"y":-0.016143687069416047,"z":0.0015956648858264089,"w":0.9965478777885437},"size":59.863155364990237,"orthographic":false}