{"cameraMode":{"drawMode":2,"name":"Shaded Wireframe","section":"Shading Mode"},"sceneLighting":false,"audioPlay":false,"sceneViewState":{"showFog":true,"showMaterialUpdate":false,"showSkybox":false,"showFlares":true,"showImageEffects":true,"showParticleSystems":true},"in2DMode":false,"pivot":{"x":250.62379455566407,"y":302.73321533203127,"z":947.1336059570313},"rotation":{"x":-0.06321308761835098,"y":-0.041308026760816577,"z":0.0026187619660049679,"w":-0.9971423745155335},"size":873.9663696289063,"orthographic":false}